<?xml version="1.0" encoding="UTF-8"?>
<project-private xmlns="http://www.netbeans.org/ns/project-private/1">
    <editor-bookmarks xmlns="http://www.netbeans.org/ns/editor-bookmarks/2" lastBookmarkId="0"/>
    <open-files xmlns="http://www.netbeans.org/ns/projectui-open-files/2">
        <group>
            <file>file:/J:/htdocs/galeria/index.php</file>
            <file>file:/J:/htdocs/galeria/html/logout_btn.html</file>
            <file>file:/J:/htdocs/galeria/config/connect.php</file>
            <file>file:/J:/htdocs/galeria/config/functions.php</file>
            <file>file:/J:/htdocs/galeria/html/nincs_belepve.html</file>
            <file>file:/J:/htdocs/galeria/config/init.php</file>
            <file>file:/J:/htdocs/galeria/html/header.html</file>
        </group>
    </open-files>
</project-private>
