<?xml version="1.0" encoding="UTF-8"?>
<project-private xmlns="http://www.netbeans.org/ns/project-private/1">
    <editor-bookmarks xmlns="http://www.netbeans.org/ns/editor-bookmarks/2" lastBookmarkId="0"/>
    <open-files xmlns="http://www.netbeans.org/ns/projectui-open-files/2">
        <group>
            <file>file:/J:/htdocs/esti/allaskozvetito/config/functions.php</file>
            <file>file:/J:/htdocs/esti/allaskozvetito/index.php</file>
            <file>file:/J:/htdocs/esti/allaskozvetito/html/feltolt.html</file>
            <file>file:/J:/htdocs/esti/allaskozvetito/config/init.php</file>
            <file>file:/J:/htdocs/esti/allaskozvetito/php/fel_tolt.php</file>
            <file>file:/J:/htdocs/esti/allaskozvetito/feltolt.php</file>
            <file>file:/J:/htdocs/esti/allaskozvetito/JS/allaskozvetito.js</file>
        </group>
    </open-files>
</project-private>
