<?xml version="1.0" encoding="UTF-8"?>
<project-private xmlns="http://www.netbeans.org/ns/project-private/1">
    <editor-bookmarks xmlns="http://www.netbeans.org/ns/editor-bookmarks/2" lastBookmarkId="0"/>
    <open-files xmlns="http://www.netbeans.org/ns/projectui-open-files/2">
        <group>
            <file>file:/J:/htdocs/galeria/html/feltolt_form.html</file>
            <file>file:/J:/htdocs/galeria/html/footer.html</file>
            <file>file:/J:/htdocs/galeria/config/functions.php</file>
            <file>file:/J:/htdocs/galeria/JS/feltolt.js</file>
            <file>file:/J:/htdocs/galeria/albumok.php</file>
            <file>file:/J:/htdocs/galeria/html/login_form.html</file>
            <file>file:/J:/htdocs/galeria/html/img.html</file>
            <file>file:/J:/htdocs/galeria/php/feltolt.php</file>
            <file>file:/J:/htdocs/galeria/index.php</file>
            <file>file:/J:/htdocs/galeria/album_kepei.php</file>
            <file>file:/J:/htdocs/galeria/JS/album.js</file>
            <file>file:/J:/htdocs/galeria/album.php</file>
            <file>file:/J:/htdocs/galeria/php/album_valaszto.php</file>
        </group>
    </open-files>
</project-private>
